Temperature,Genotype,Tree,Bud_Type,Time to break bud (BBCH 09),Time to break bud (BBCH 10)
5,Early_hybrid,C3,t,NA,NA
5,Early_hybrid,C3,b,147.125,147.125
5,Early_hybrid,C3,b,147.125,147.125
5,Early_hybrid,C3,b,153.125,153.125
5,Early_hybrid,C3,b,147.125,147.125
5,Early_hybrid,C3,b,147.125,147.125
5,Early_hybrid,C3,b,144.125,144.125
5,Early_hybrid,C3,b,161.125,161.125
5,Early_hybrid,F1,t,NA,NA
5,Early_hybrid,F1,b,144.125,144.125
5,Early_hybrid,F1,b,144.125,144.125
5,Early_hybrid,F1,b,144.125,144.125
5,Early_hybrid,F1,b,147.125,147.125
5,Early_hybrid,F1,b,146.125,146.125
5,Early_hybrid,F1,b,144.125,144.125
5,Early_hybrid,F1,b,144.125,144.125
5,Early_hybrid,F1,b,147.125,147.125
5,Early_hybrid,F1,b,147.125,147.125
5,Early_hybrid,F1,b,153.125,153.125
5,Early_hybrid,F1,b,144.125,144.125
5,Early_hybrid,H4,t,NA,NA
5,Early_hybrid,H4,b,174.125,174.125
5,Early_hybrid,H4,b,174.125,174.125
5,Early_hybrid,H4,b,179.125,179.125
5,Early_hybrid,J3,t,NA,NA
5,Early_hybrid,J3,b,129.125,129.125
5,Early_hybrid,J3,b,147.125,147.125
5,Early_hybrid,J3,b,167.125,167.125
5,Early_hybrid,K1,t,NA,NA
5,Early_hybrid,K1,b,174.125,174.125
5,Early_hybrid,K1,b,186.125,186.125
5,Early_hybrid,C3,t,NA,NA
5,Early_hybrid,C3,b,161.125,161.125
5,Early_hybrid,C3,b,144.125,144.125
5,Early_hybrid,C3,b,144.125,144.125
5,Early_hybrid,F1,t,NA,NA
5,Early_hybrid,H4,t,144.125,144.125
5,Early_hybrid,H4,b,144.125,144.125
5,Early_hybrid,H4,b,NA,NA
5,Early_hybrid,J3,t,NA,NA
5,Early_hybrid,J3,b,129.125,129.125
5,Early_hybrid,J3,b,133.125,133.125
5,Early_hybrid,K1,t,NA,NA
5,Early_hybrid,C3,t,NA,NA
5,Early_hybrid,F1,t,NA,NA
5,Early_hybrid,H4,t,NA,223.125
5,Early_hybrid,J3,t,NA,NA
5,Early_hybrid,K1,t,NA,NA
10,Early_hybrid,C3,t,80.125,94.125
10,Early_hybrid,C3,b,52.125,87.125
10,Early_hybrid,C3,b,52.125,87.125
10,Early_hybrid,C3,b,52.125,77.125
10,Early_hybrid,C3,b,52.125,87.125
10,Early_hybrid,F1,t,80.125,90.125
10,Early_hybrid,F1,b,52.125,73.125
10,Early_hybrid,F1,b,52.125,77.125
10,Early_hybrid,F1,b,66.125,95.125
10,Early_hybrid,H4,t,NA,NA
10,Early_hybrid,H4,b,59.125,87.125
10,Early_hybrid,H4,b,59.125,93.125
10,Early_hybrid,H4,b,52.125,82.125
10,Early_hybrid,H4,b,52.125,73.125
10,Early_hybrid,H4,b,52.125,73.125
10,Early_hybrid,H4,b,52.125,73.125
10,Early_hybrid,J3,t,59.125,84.125
10,Early_hybrid,J3,b,52.125,73.125
10,Early_hybrid,J3,b,52.125,66.125
10,Early_hybrid,J3,b,52.125,73.125
10,Early_hybrid,J3,b,52.125,73.125
10,Early_hybrid,J3,b,52.125,70.125
10,Early_hybrid,K1,t,NA,NA
10,Early_hybrid,K1,b,63.125,102.125
10,Early_hybrid,C3,t,97.125,NA
10,Early_hybrid,C3,b,52.125,70.125
10,Early_hybrid,C3,b,59.125,87.125
10,Early_hybrid,C3,b,52.125,70.125
10,Early_hybrid,F1,t,NA,129.125
10,Early_hybrid,F1,b,52.125,87.125
10,Early_hybrid,F1,b,59.125,76.125
10,Early_hybrid,F1,b,52.125,73.125
10,Early_hybrid,H4,t,59.125,83.125
10,Early_hybrid,H4,b,52.125,77.125
10,Early_hybrid,J3,t,72.125,82.125
10,Early_hybrid,J3,b,59.125,77.125
10,Early_hybrid,J3,b,52.125,73.125
10,Early_hybrid,J3,b,52.125,73.125
10,Early_hybrid,J3,b,59.125,77.125
10,Early_hybrid,K1,t,NA,NA
10,Early_hybrid,K1,b,82.125,NA
10,Early_hybrid,C3,t,NA,NA
10,Early_hybrid,F1,t,80.125,85.125
10,Early_hybrid,H4,t,NA,NA
10,Early_hybrid,J3,t,NA,NA
10,Early_hybrid,J3,b,52.125,73.125
10,Early_hybrid,J3,b,63.125,77.125
10,Early_hybrid,K1,t,NA,NA
15,Early_hybrid,C3,t,57.125,63.125
15,Early_hybrid,C3,b,33.125,52.125
15,Early_hybrid,C3,b,28.125,48.125
15,Early_hybrid,C3,b,28.125,46.125
15,Early_hybrid,C3,b,33.125,52.125
15,Early_hybrid,C3,b,33.125,42.125
15,Early_hybrid,F1,t,NA,NA
15,Early_hybrid,F1,b,NA,NA
15,Early_hybrid,F1,b,NA,NA
15,Early_hybrid,F1,b,33.125,48.125
15,Early_hybrid,F1,b,NA,NA
15,Early_hybrid,H4,t,NA,NA
15,Early_hybrid,H4,b,31.125,46.125
15,Early_hybrid,H4,b,28.125,45.125
15,Early_hybrid,J3,t,NA,NA
15,Early_hybrid,J3,b,40.125,52.125
15,Early_hybrid,J3,b,37.125,46.125
15,Early_hybrid,J3,b,39.125,52.125
15,Early_hybrid,K1,t,NA,NA
15,Early_hybrid,K1,b,40.125,NA
15,Early_hybrid,K1,b,40.125,66.125
15,Early_hybrid,K1,b,35.125,52.125
15,Early_hybrid,K1,b,28.125,46.125
15,Early_hybrid,C3,t,NA,NA
15,Early_hybrid,C3,b,38.125,NA
15,Early_hybrid,C3,b,38.125,NA
15,Early_hybrid,C3,b,39.125,59.125
15,Early_hybrid,C3,b,51.125,61.125
15,Early_hybrid,F1,t,NA,NA
15,Early_hybrid,F1,b,38.125,NA
15,Early_hybrid,F1,b,27.125,44.125
15,Early_hybrid,F1,b,27.125,35.125
15,Early_hybrid,F1,b,26.125,35.125
15,Early_hybrid,H4,t,NA,NA
15,Early_hybrid,H4,b,39.125,NA
15,Early_hybrid,J3,t,NA,NA
15,Early_hybrid,J3,b,37.125,52.125
15,Early_hybrid,J3,b,45.125,63.125
15,Early_hybrid,K1,t,NA,NA
15,Early_hybrid,K1,b,60.125,NA
15,Early_hybrid,C3,t,NA,NA
15,Early_hybrid,F1,t,NA,NA
15,Early_hybrid,F1,b,NA,NA
15,Early_hybrid,H4,t,NA,NA
15,Early_hybrid,H4,b,38.125,59.125
15,Early_hybrid,J3,t,NA,NA
15,Early_hybrid,J3,b,35.125,NA
15,Early_hybrid,K1,t,NA,NA
20,Early_hybrid,C3,t,26.125,NA
20,Early_hybrid,C3,b,NA,NA
20,Early_hybrid,C3,b,NA,NA
20,Early_hybrid,C3,b,32.125,39.125
20,Early_hybrid,C3,b,24.125,31.125
20,Early_hybrid,F1,t,NA,NA
20,Early_hybrid,F1,b,26.125,NA
20,Early_hybrid,F1,b,24.125,NA
20,Early_hybrid,F1,b,35.125,NA
20,Early_hybrid,F1,b,19.125,26.125
20,Early_hybrid,F1,b,24.125,28.125
20,Early_hybrid,H4,t,NA,NA
20,Early_hybrid,H4,b,24.125,35.125
20,Early_hybrid,H4,b,33.125,52.125
20,Early_hybrid,J3,t,NA,NA
20,Early_hybrid,J3,b,NA,NA
20,Early_hybrid,J3,b,NA,NA
20,Early_hybrid,J3,b,NA,NA
20,Early_hybrid,J3,b,NA,NA
20,Early_hybrid,J3,b,NA,NA
20,Early_hybrid,J3,b,NA,NA
20,Early_hybrid,J3,b,38.125,44.125
20,Early_hybrid,K1,t,NA,NA
20,Early_hybrid,K1,b,NA,NA
20,Early_hybrid,C3,t,NA,NA
20,Early_hybrid,C3,b,NA,NA
20,Early_hybrid,C3,b,NA,NA
20,Early_hybrid,C3,b,32.125,NA
20,Early_hybrid,F1,t,NA,NA
20,Early_hybrid,F1,b,NA,NA
20,Early_hybrid,F1,b,NA,NA
20,Early_hybrid,F1,b,35.125,NA
20,Early_hybrid,H4,t,28.125,NA
20,Early_hybrid,H4,b,26.125,NA
20,Early_hybrid,J3,t,NA,NA
20,Early_hybrid,J3,b,26.125,NA
20,Early_hybrid,J3,b,38.125,NA
20,Early_hybrid,K1,t,NA,NA
20,Early_hybrid,K1,b,NA,NA
20,Early_hybrid,K1,b,NA,NA
20,Early_hybrid,K1,b,NA,NA
20,Early_hybrid,C3,t,NA,NA
20,Early_hybrid,F1,t,NA,NA
20,Early_hybrid,H4,t,NA,NA
20,Early_hybrid,H4,b,NA,NA
20,Early_hybrid,J3,t,NA,NA
20,Early_hybrid,J3,b,25.125,31.125
20,Early_hybrid,K1,t,NA,NA
25,Early_hybrid,C3,t,NA,NA
25,Early_hybrid,C3,b,NA,NA
25,Early_hybrid,C3,b,NA,NA
25,Early_hybrid,C3,b,35.125,NA
25,Early_hybrid,C3,b,21.125,23.125
25,Early_hybrid,F1,t,24.125,26.125
25,Early_hybrid,F1,b,24.125,NA
25,Early_hybrid,F1,b,24.125,NA
25,Early_hybrid,F1,b,21.125,NA
25,Early_hybrid,F1,b,21.125,23.125
25,Early_hybrid,H4,t,NA,NA
25,Early_hybrid,H4,b,24.125,NA
25,Early_hybrid,H4,b,NA,NA
25,Early_hybrid,H4,b,25.125,NA
25,Early_hybrid,J3,t,NA,NA
25,Early_hybrid,J3,b,NA,NA
25,Early_hybrid,J3,b,NA,NA
25,Early_hybrid,J3,b,NA,NA
25,Early_hybrid,K1,t,NA,NA
25,Early_hybrid,K1,b,NA,NA
25,Early_hybrid,K1,b,NA,NA
25,Early_hybrid,C3,t,NA,NA
25,Early_hybrid,C3,b,NA,NA
25,Early_hybrid,C3,b,NA,NA
25,Early_hybrid,F1,t,NA,NA
25,Early_hybrid,F1,b,NA,NA
25,Early_hybrid,F1,b,NA,NA
25,Early_hybrid,H4,t,NA,NA
25,Early_hybrid,H4,b,NA,NA
25,Early_hybrid,H4,b,NA,NA
25,Early_hybrid,J3,t,NA,NA
25,Early_hybrid,J3,b,NA,NA
25,Early_hybrid,J3,b,30.125,32.125
25,Early_hybrid,K1,t,NA,NA
25,Early_hybrid,K1,b,17.125,20.125
25,Early_hybrid,C3,t,25.125,28.125
25,Early_hybrid,C3,b,21.125,24.125
25,Early_hybrid,C3,b,21.125,23.125
25,Early_hybrid,F1,t,NA,NA
25,Early_hybrid,H4,t,NA,NA
25,Early_hybrid,J3,t,NA,NA
25,Early_hybrid,K1,t,NA,NA
25,Early_hybrid,K1,b,21.125,24.125
25,Early_hybrid,C3,t,29.125,31.125
25,Early_hybrid,F1,t,NA,NA
25,Early_hybrid,H4,t,NA,NA
25,Early_hybrid,J3,t,NA,NA
25,Early_hybrid,K1,t,21.125,26.125
5,Late_hybrid,F2,t,NA,NA
5,Late_hybrid,F2,b,NA,NA
5,Late_hybrid,H3,t,NA,NA
5,Late_hybrid,K3,t,NA,NA
5,Late_hybrid,K3,b,NA,NA
5,Late_hybrid,K3,b,NA,NA
5,Late_hybrid,K3,b,NA,NA
5,Late_hybrid,O1,t,NA,NA
5,Late_hybrid,O1,b,NA,234
5,Late_hybrid,O1,b,NA,223
5,Late_hybrid,R1,t,NA,NA
5,Late_hybrid,R1,b,NA,236
5,Late_hybrid,R1,b,NA,223
5,Late_hybrid,R1,b,NA,NA
5,Late_hybrid,R1,b,NA,223
5,Late_hybrid,F2,t,NA,NA
5,Late_hybrid,H3,t,NA,NA
5,Late_hybrid,K3,t,NA,NA
5,Late_hybrid,K3,b,NA,NA
5,Late_hybrid,O1,t,NA,NA
5,Late_hybrid,R1,t,NA,NA
5,Late_hybrid,R1,b,NA,236
5,Late_hybrid,R1,b,NA,NA
5,Late_hybrid,R1,b,NA,236
5,Late_hybrid,R1,b,NA,NA
5,Late_hybrid,F2,t,NA,NA
5,Late_hybrid,H3,t,NA,NA
5,Late_hybrid,K3,t,NA,NA
5,Late_hybrid,K3,b,NA,NA
5,Late_hybrid,O1,t,NA,NA
5,Late_hybrid,R1,t,NA,NA
5,Late_hybrid,R1,b,NA,234
5,Late_hybrid,R1,b,NA,NA
5,Late_hybrid,R1,b,NA,234
5,Late_hybrid,F2,t,NA,NA
5,Late_hybrid,H3,t,NA,NA
5,Late_hybrid,K3,t,NA,NA
5,Late_hybrid,K3,b,NA,NA
5,Late_hybrid,O1,t,NA,NA
5,Late_hybrid,R1,t,NA,NA
5,Late_hybrid,R1,b,NA,234
5,Late_hybrid,R1,b,NA,NA
5,Late_hybrid,F2,t,NA,NA
5,Late_hybrid,H3,t,NA,NA
5,Late_hybrid,K3,t,NA,NA
5,Late_hybrid,O1,t,NA,NA
5,Late_hybrid,R1,t,NA,223
5,Late_hybrid,R1,b,NA,NA
10,Late_hybrid,F2,t,NA,NA
10,Late_hybrid,F2,b,73,107
10,Late_hybrid,F2,b,80,110
10,Late_hybrid,F2,b,73,106
10,Late_hybrid,F2,b,66,106
10,Late_hybrid,F2,b,66,98
10,Late_hybrid,F2,b,66,98
10,Late_hybrid,F2,b,73,98
10,Late_hybrid,F2,b,73,106
10,Late_hybrid,F2,b,66,104
10,Late_hybrid,F2,b,80,102
10,Late_hybrid,H3,t,NA,NA
10,Late_hybrid,H3,b,95,NA
10,Late_hybrid,H3,b,66,NA
10,Late_hybrid,H3,b,66,110
10,Late_hybrid,K3,t,NA,NA
10,Late_hybrid,K3,b,66,97
10,Late_hybrid,K3,b,82,108
10,Late_hybrid,O1,t,NA,NA
10,Late_hybrid,O1,b,92,122
10,Late_hybrid,R1,t,NA,NA
10,Late_hybrid,R1,b,80,NA
10,Late_hybrid,R1,b,66,NA
10,Late_hybrid,R1,b,80,121
10,Late_hybrid,R1,b,80,110
10,Late_hybrid,R1,b,NA,129
10,Late_hybrid,F2,t,NA,NA
10,Late_hybrid,H3,t,NA,NA
10,Late_hybrid,K3,t,NA,NA
10,Late_hybrid,K3,b,NA,NA
10,Late_hybrid,K3,b,NA,NA
10,Late_hybrid,O1,t,NA,NA
10,Late_hybrid,O1,b,NA,NA
10,Late_hybrid,R1,t,NA,NA
10,Late_hybrid,R1,b,76,98
10,Late_hybrid,R1,b,82,NA
10,Late_hybrid,R1,b,NA,NA
10,Late_hybrid,F2,t,NA,NA
10,Late_hybrid,H3,t,92,101
10,Late_hybrid,K3,t,NA,NA
10,Late_hybrid,O1,t,NA,NA
10,Late_hybrid,R1,t,NA,NA
10,Late_hybrid,R1,b,NA,129
10,Late_hybrid,F2,t,NA,NA
10,Late_hybrid,H3,t,NA,NA
10,Late_hybrid,K3,t,NA,NA
10,Late_hybrid,O1,t,NA,NA
10,Late_hybrid,R1,t,NA,122
15,Late_hybrid,F2,t,NA,NA
15,Late_hybrid,F2,b,35,46
15,Late_hybrid,H3,t,NA,NA
15,Late_hybrid,H3,b,35,59
15,Late_hybrid,H3,b,35,46
15,Late_hybrid,H3,b,35,45
15,Late_hybrid,H3,b,45,NA
15,Late_hybrid,H3,b,38,59
15,Late_hybrid,H3,b,35,56
15,Late_hybrid,H3,b,33,NA
15,Late_hybrid,H3,b,45,59
15,Late_hybrid,H3,b,33,55
15,Late_hybrid,H3,b,46,NA
15,Late_hybrid,H3,b,35,52
15,Late_hybrid,H3,b,45,57
15,Late_hybrid,K3,t,NA,NA
15,Late_hybrid,K3,b,NA,NA
15,Late_hybrid,K3,b,NA,NA
15,Late_hybrid,O1,t,NA,NA
15,Late_hybrid,R1,t,NA,NA
15,Late_hybrid,R1,b,46,NA
15,Late_hybrid,R1,b,46,NA
15,Late_hybrid,R1,b,52,NA
15,Late_hybrid,R1,b,61,73
15,Late_hybrid,F2,t,NA,NA
15,Late_hybrid,H3,t,NA,NA
15,Late_hybrid,K3,t,NA,NA
15,Late_hybrid,K3,b,NA,NA
15,Late_hybrid,O1,t,NA,NA
15,Late_hybrid,R1,t,NA,NA
15,Late_hybrid,R1,b,NA,NA
15,Late_hybrid,R1,b,61,NA
15,Late_hybrid,R1,b,NA,NA
15,Late_hybrid,R1,b,52,NA
15,Late_hybrid,R1,b,45,NA
15,Late_hybrid,R1,b,45,NA
15,Late_hybrid,F2,t,NA,NA
15,Late_hybrid,H3,t,NA,NA
15,Late_hybrid,K3,t,NA,NA
15,Late_hybrid,K3,b,NA,NA
15,Late_hybrid,O1,t,NA,NA
15,Late_hybrid,R1,t,NA,NA
15,Late_hybrid,R1,b,NA,NA
15,Late_hybrid,R1,b,61,NA
15,Late_hybrid,R1,b,NA,NA
15,Late_hybrid,R1,b,61,NA
15,Late_hybrid,R1,b,NA,NA
15,Late_hybrid,R1,b,59,76
20,Late_hybrid,F2,t,NA,NA
20,Late_hybrid,F2,b,NA,NA
20,Late_hybrid,F2,b,26,NA
20,Late_hybrid,H3,t,NA,NA
20,Late_hybrid,H3,b,26,31
20,Late_hybrid,H3,b,25,28
20,Late_hybrid,H3,b,29,34
20,Late_hybrid,H3,b,25,28
20,Late_hybrid,K3,t,NA,NA
20,Late_hybrid,K3,b,35,40
20,Late_hybrid,K3,b,31,38
20,Late_hybrid,K3,b,29,34
20,Late_hybrid,O1,t,NA,NA
20,Late_hybrid,O1,b,35,NA
20,Late_hybrid,R1,t,NA,NA
20,Late_hybrid,R1,b,35,50
20,Late_hybrid,R1,b,35,46
20,Late_hybrid,R1,b,38,NA
20,Late_hybrid,R1,b,26,35
20,Late_hybrid,R1,b,31,38
20,Late_hybrid,F2,t,NA,NA
20,Late_hybrid,F2,b,NA,NA
20,Late_hybrid,H3,t,NA,NA
20,Late_hybrid,K3,t,NA,NA
20,Late_hybrid,K3,b,NA,NA
20,Late_hybrid,K3,b,NA,NA
20,Late_hybrid,O1,t,NA,NA
20,Late_hybrid,O1,b,NA,NA
20,Late_hybrid,R1,t,NA,NA
20,Late_hybrid,R1,b,NA,NA
20,Late_hybrid,R1,b,NA,NA
20,Late_hybrid,R1,b,NA,NA
20,Late_hybrid,R1,b,NA,NA
20,Late_hybrid,F2,t,NA,NA
20,Late_hybrid,H3,t,NA,NA
20,Late_hybrid,K3,t,NA,NA
20,Late_hybrid,K3,b,NA,NA
20,Late_hybrid,O1,t,NA,NA
20,Late_hybrid,O1,b,NA,NA
20,Late_hybrid,R1,t,NA,NA
20,Late_hybrid,R1,b,NA,NA
20,Late_hybrid,R1,b,NA,NA
20,Late_hybrid,R1,b,31,38
20,Late_hybrid,F2,t,NA,NA
20,Late_hybrid,H3,t,NA,NA
20,Late_hybrid,K3,t,NA,NA
20,Late_hybrid,O1,t,NA,NA
20,Late_hybrid,R1,t,NA,NA
25,Late_hybrid,F2,t,22,26
25,Late_hybrid,F2,b,19,24
25,Late_hybrid,F2,b,NA,NA
25,Late_hybrid,F2,b,NA,NA
25,Late_hybrid,F2,b,23,25
25,Late_hybrid,H3,t,NA,NA
25,Late_hybrid,H3,b,NA,NA
25,Late_hybrid,H3,b,NA,NA
25,Late_hybrid,H3,b,NA,NA
25,Late_hybrid,H3,b,18,20
25,Late_hybrid,K3,t,NA,NA
25,Late_hybrid,K3,b,20,23
25,Late_hybrid,K3,b,17,20
25,Late_hybrid,K3,b,16,19
25,Late_hybrid,K3,b,17,19
25,Late_hybrid,K3,b,17,20
25,Late_hybrid,K3,b,16,19
25,Late_hybrid,K3,b,19,22
25,Late_hybrid,O1,t,NA,NA
25,Late_hybrid,O1,b,24,NA
25,Late_hybrid,O1,b,24,27
25,Late_hybrid,O1,b,NA,NA
25,Late_hybrid,R1,t,NA,NA
25,Late_hybrid,R1,b,28,42
25,Late_hybrid,R1,b,NA,NA
25,Late_hybrid,R1,b,NA,NA
25,Late_hybrid,R1,b,NA,NA
25,Late_hybrid,R1,b,23,27
25,Late_hybrid,F2,t,NA,NA
25,Late_hybrid,H3,t,NA,NA
25,Late_hybrid,H3,b,NA,NA
25,Late_hybrid,K3,t,NA,NA
25,Late_hybrid,K3,b,23,28
25,Late_hybrid,K3,b,19,25
25,Late_hybrid,K3,b,19,23
25,Late_hybrid,O1,t,NA,NA
25,Late_hybrid,O1,b,24,30
25,Late_hybrid,O1,b,23,26
25,Late_hybrid,R1,t,NA,NA
25,Late_hybrid,R1,b,28,NA
25,Late_hybrid,R1,b,NA,NA
25,Late_hybrid,R1,b,21,26
25,Late_hybrid,F2,t,NA,NA
25,Late_hybrid,H3,t,NA,NA
25,Late_hybrid,K3,t,26,28
25,Late_hybrid,O1,t,NA,NA
25,Late_hybrid,R1,t,29,31
25,Late_hybrid,R1,b,21,26
5,Chandler,1,t,NA,NA
5,Chandler,1,b,NA,NA
5,Chandler,1,b,NA,160
5,Chandler,2,t,NA,NA
5,Chandler,2,b,NA,NA
5,Chandler,2,b,NA,146
5,Chandler,3,t,NA,NA
5,Chandler,3,b,NA,NA
5,Chandler,3,b,NA,NA
5,Chandler,3,b,NA,NA
5,Chandler,4,t,NA,NA
5,Chandler,4,b,NA,157
5,Chandler,1,t,NA,NA
5,Chandler,1,b,NA,NA
5,Chandler,2,t,NA,NA
5,Chandler,2,b,NA,222
5,Chandler,3,t,NA,NA
5,Chandler,3,b,NA,NA
5,Chandler,4,t,NA,NA
5,Chandler,4,b,NA,NA
5,Chandler,1,t,NA,NA
5,Chandler,2,t,NA,NA
5,Chandler,3,t,NA,NA
5,Chandler,4,t,NA,NA
10,Chandler,1,t,58.29166667,NA
10,Chandler,1,b,60.29166667,NA
10,Chandler,1,b,NA,NA
10,Chandler,2,t,NA,NA
10,Chandler,2,b,NA,NA
10,Chandler,2,b,56.29166667,65
10,Chandler,2,b,60.29166667,85
10,Chandler,3,t,60.29166667,NA
10,Chandler,3,b,NA,NA
10,Chandler,3,b,NA,NA
10,Chandler,3,b,58.29166667,NA
10,Chandler,4,t,NA,NA
10,Chandler,4,b,NA,NA
10,Chandler,4,b,62.29166667,78
10,Chandler,1,t,NA,NA
10,Chandler,1,b,60.29166667,128
10,Chandler,2,t,58.29166667,NA
10,Chandler,2,b,NA,NA
10,Chandler,2,b,58.29166667,81
10,Chandler,3,t,NA,NA
10,Chandler,3,b,58.29166667,74
10,Chandler,4,t,58.29166667,NA
10,Chandler,4,b,51.29166667,NA
10,Chandler,4,b,NA,NA
15,Chandler,1,t,NA,NA
15,Chandler,1,b,23.29166667,27
15,Chandler,2,t,NA,NA
15,Chandler,2,b,NA,NA
15,Chandler,2,b,NA,NA
15,Chandler,3,t,20.29166667,NA
15,Chandler,3,b,23.29166667,NA
15,Chandler,3,b,29.29166667,51
15,Chandler,3,b,28.29166667,32
15,Chandler,4,t,NA,NA
15,Chandler,4,b,NA,NA
15,Chandler,4,b,29.29166667,51
15,Chandler,1,t,16.29166667,NA
15,Chandler,1,b,NA,NA
15,Chandler,2,t,NA,NA
15,Chandler,2,b,29.29166667,34
15,Chandler,2,b,50.29166667,NA
15,Chandler,3,t,NA,NA
15,Chandler,3,b,24.29166667,30
15,Chandler,4,t,NA,NA
15,Chandler,1,t,NA,NA
15,Chandler,2,t,NA,NA
15,Chandler,3,t,11.29166667,NA
15,Chandler,4,t,NA,NA
20,Chandler,1,t,11.29166667,16
20,Chandler,1,b,13.29166667,20
20,Chandler,1,b,13.29166667,23
20,Chandler,1,b,13.29166667,19
20,Chandler,2,t,13.29166667,NA
20,Chandler,2,b,13.29166667,29
20,Chandler,2,b,18.29166667,29
20,Chandler,2,b,18.29166667,20
20,Chandler,3,t,NA,NA
20,Chandler,3,b,11.29166667,18
20,Chandler,3,b,18.29166667,23
20,Chandler,3,b,18.29166667,22
20,Chandler,4,t,NA,NA
20,Chandler,4,b,13.29166667,16
20,Chandler,1,t,NA,NA
20,Chandler,1,b,16.29166667,19
20,Chandler,1,b,23.29166667,27
20,Chandler,2,t,NA,NA
20,Chandler,2,b,16.29166667,27
20,Chandler,2,b,18.29166667,20
20,Chandler,3,t,11.29166667,NA
20,Chandler,3,b,13.29166667,16
20,Chandler,4,t,11.29166667,NA
20,Chandler,4,b,NA,NA
25,Chandler,1,t,NA,NA
25,Chandler,1,b,20.29166667,NA
25,Chandler,1,b,13.29166667,16
25,Chandler,2,t,11.29166667,NA
25,Chandler,2,b,NA,NA
25,Chandler,3,t,NA,NA
25,Chandler,3,b,20.29166667,NA
25,Chandler,3,b,28.29166667,30
25,Chandler,4,t,NA,NA
25,Chandler,4,b,10.29166667,15
25,Chandler,1,t,10.29166667,NA
25,Chandler,1,b,NA,NA
25,Chandler,2,t,NA,NA
25,Chandler,2,b,20.29166667,NA
25,Chandler,2,b,23.29166667,NA
25,Chandler,2,b,16.29166667,22
25,Chandler,3,t,10.29166667,NA
25,Chandler,3,b,22.29166667,NA
25,Chandler,3,b,23.29166667,NA
25,Chandler,4,t,NA,NA
25,Chandler,1,t,11.29166667,NA
25,Chandler,2,t,NA,NA
25,Chandler,3,t,11.29166667,NA
25,Chandler,4,t,NA,NA
5,Franquette,1,t,NA,NA
5,Franquette,1,b,NA,NA
5,Franquette,2,t,NA,NA
5,Franquette,2,b,NA,NA
5,Franquette,2,b,NA,NA
5,Franquette,2,b,NA,NA
5,Franquette,3,t,NA,NA
5,Franquette,3,b,NA,NA
5,Franquette,3,b,NA,NA
5,Franquette,3,b,NA,NA
5,Franquette,3,b,NA,NA
5,Franquette,4,t,NA,NA
5,Franquette,4,b,NA,NA
5,Franquette,4,b,NA,NA
5,Franquette,4,b,NA,NA
5,Franquette,4,b,NA,170
5,Franquette,4,b,NA,NA
5,Franquette,4,b,NA,157
5,Franquette,5,t,NA,NA
5,Franquette,1,t,NA,NA
5,Franquette,2,t,NA,NA
5,Franquette,3,t,NA,NA
5,Franquette,4,t,NA,NA
5,Franquette,5,t,NA,NA
10,Franquette,1,t,NA,NA
10,Franquette,1,b,51.29166667,97
10,Franquette,1,b,58.29166667,97
10,Franquette,1,b,58.29166667,85
10,Franquette,1,b,60.29166667,95
10,Franquette,2,t,NA,NA
10,Franquette,2,b,51.29166667,NA
10,Franquette,2,b,51.29166667,72
10,Franquette,2,b,51.29166667,69
10,Franquette,2,b,51.29166667,69
10,Franquette,3,t,NA,NA
10,Franquette,3,b,51.29166667,97
10,Franquette,3,b,51.29166667,NA
10,Franquette,3,b,51.29166667,NA
10,Franquette,3,b,79.29166667,NA
10,Franquette,4,t,NA,NA
10,Franquette,4,b,NA,NA
10,Franquette,5,t,72.29166667,83
10,Franquette,5,b,58.29166667,85
10,Franquette,1,t,NA,NA
10,Franquette,2,t,NA,NA
10,Franquette,3,t,NA,NA
10,Franquette,4,t,NA,NA
10,Franquette,5,t,NA,NA
15,Franquette,1,t,NA,NA
15,Franquette,1,b,62.29166667,NA
15,Franquette,1,b,NA,NA
15,Franquette,2,t,NA,NA
15,Franquette,2,b,18.29166667,32
15,Franquette,2,b,18.29166667,30
15,Franquette,2,b,18.29166667,29
15,Franquette,2,b,18.29166667,27
15,Franquette,2,b,20.29166667,31
15,Franquette,3,t,NA,NA
15,Franquette,3,b,18.29166667,30
15,Franquette,3,b,18.29166667,32
15,Franquette,3,b,18.29166667,34
15,Franquette,3,b,18.29166667,29
15,Franquette,4,t,NA,NA
15,Franquette,4,b,18.29166667,28
15,Franquette,4,b,23.29166667,33
15,Franquette,5,t,20.29166667,NA
15,Franquette,5,b,NA,NA
15,Franquette,1,t,NA,NA
15,Franquette,2,t,NA,NA
15,Franquette,3,t,NA,NA
15,Franquette,4,t,NA,NA
15,Franquette,5,t,NA,NA
20,Franquette,1,t,20.29166667,26
20,Franquette,1,b,16.29166667,21
20,Franquette,1,b,16.29166667,20
20,Franquette,2,t,18.29166667,23
20,Franquette,2,b,13.29166667,25
20,Franquette,2,b,13.29166667,19
20,Franquette,2,b,13.29166667,18
20,Franquette,2,b,13.29166667,18
20,Franquette,2,b,13.29166667,17
20,Franquette,2,b,13.29166667,17
20,Franquette,2,b,13.29166667,20
20,Franquette,3,t,23.29166667,NA
20,Franquette,3,b,13.29166667,20
20,Franquette,3,b,18.29166667,23
20,Franquette,3,b,18.29166667,21
20,Franquette,4,t,NA,NA
20,Franquette,4,b,23.29166667,29
20,Franquette,5,t,20.29166667,36
20,Franquette,5,b,16.29166667,22
20,Franquette,1,t,NA,NA
20,Franquette,2,t,NA,NA
20,Franquette,3,t,NA,NA
20,Franquette,4,t,NA,NA
20,Franquette,5,t,NA,NA
25,Franquette,1,t,NA,NA
25,Franquette,1,b,11.29166667,15
25,Franquette,1,b,NA,NA
25,Franquette,2,t,23.29166667,NA
25,Franquette,2,b,11.29166667,13
25,Franquette,2,b,13.29166667,16
25,Franquette,2,b,NA,NA
25,Franquette,3,t,13.29166667,18
25,Franquette,3,b,16.29166667,23
25,Franquette,3,b,NA,NA
25,Franquette,3,b,NA,NA
25,Franquette,4,t,13.29166667,NA
25,Franquette,4,b,11.29166667,13
25,Franquette,4,b,13.29166667,NA
25,Franquette,4,b,18.29166667,NA
25,Franquette,4,b,NA,NA
25,Franquette,5,t,16.29166667,18
25,Franquette,5,b,11.29166667,15
25,Franquette,5,b,13.29166667,16
25,Franquette,1,t,18.29166667,23
25,Franquette,2,t,NA,NA
25,Franquette,3,t,NA,NA
25,Franquette,4,t,23.29166667,NA
25,Franquette,5,t,16.29166667,27
5,Lara,1,t,NA,NA
5,Lara,1,b,NA,157
5,Lara,1,b,NA,143
5,Lara,1,b,NA,NA
5,Lara,2,t,NA,NA
5,Lara,2,b,NA,191
5,Lara,2,b,NA,173
5,Lara,3,t,NA,141
5,Lara,3,b,NA,146
5,Lara,3,b,NA,157
5,Lara,4,t,NA,NA
5,Lara,4,b,NA,NA
5,Lara,4,b,NA,143
5,Lara,4,b,NA,157
5,Lara,4,b,NA,212
5,Lara,4,b,NA,233
5,Lara,5,t,NA,NA
5,Lara,5,b,NA,NA
5,Lara,5,b,NA,NA
5,Lara,1,t,NA,NA
5,Lara,2,t,NA,NA
5,Lara,3,t,NA,NA
5,Lara,4,t,NA,NA
5,Lara,5,t,NA,191
10,Lara,1,t,71.29166667,NA
10,Lara,1,b,NA,NA
10,Lara,1,b,51.29166667,NA
10,Lara,2,t,NA,NA
10,Lara,3,t,56.29166667,65
10,Lara,3,b,51.29166667,69
10,Lara,3,b,51.29166667,65
10,Lara,4,t,51.29166667,69
10,Lara,4,b,51.29166667,62
10,Lara,4,b,51.29166667,81
10,Lara,5,t,71.29166667,NA
10,Lara,5,b,51.29166667,NA
10,Lara,5,b,51.29166667,NA
10,Lara,5,b,51.29166667,NA
10,Lara,5,b,60.29166667,95
10,Lara,5,b,NA,NA
10,Lara,5,b,NA,NA
10,Lara,1,t,NA,NA
10,Lara,2,t,NA,NA
10,Lara,2,b,NA,NA
10,Lara,3,t,NA,NA
10,Lara,4,t,79.29166667,NA
10,Lara,4,b,71.29166667,96
10,Lara,5,t,NA,NA
15,Lara,1,t,23.29166667,27
15,Lara,1,b,23.29166667,27
15,Lara,1,b,20.29166667,29
15,Lara,2,t,60.29166667,NA
15,Lara,2,b,18.29166667,34
15,Lara,2,b,18.29166667,30
15,Lara,2,b,23.29166667,31
15,Lara,3,t,18.29166667,29
15,Lara,3,b,18.29166667,28
15,Lara,4,t,NA,NA
15,Lara,4,b,23.29166667,30
15,Lara,4,b,27.29166667,34
15,Lara,5,t,23.29166667,NA
15,Lara,5,b,20.29166667,30
15,Lara,5,b,23.29166667,29
15,Lara,5,b,23.29166667,30
15,Lara,5,b,27.29166667,34
15,Lara,1,t,23.29166667,26
15,Lara,1,b,18.29166667,28
15,Lara,2,t,NA,NA
15,Lara,3,t,23.29166667,27
15,Lara,3,b,23.29166667,30
15,Lara,4,t,56.29166667,63
15,Lara,5,t,20.29166667,29
20,Lara,1,t,17.29166667,19
20,Lara,1,b,13.29166667,18
20,Lara,1,b,13.29166667,17
20,Lara,2,t,NA,NA
20,Lara,2,b,18.29166667,17
20,Lara,2,b,13.29166667,19
20,Lara,3,t,16.29166667,19
20,Lara,3,b,13.29166667,18
20,Lara,3,b,18.29166667,22
20,Lara,4,t,NA,NA
20,Lara,4,b,13.29166667,16
20,Lara,4,b,16.29166667,20
20,Lara,5,t,13.29166667,22
20,Lara,5,b,13.29166667,19
20,Lara,5,b,13.29166667,18
20,Lara,5,b,13.29166667,20
20,Lara,1,t,NA,NA
20,Lara,1,b,NA,NA
20,Lara,2,t,20.29166667,23
20,Lara,2,b,13.29166667,18
20,Lara,3,t,26.29166667,30
20,Lara,4,t,17.29166667,20
20,Lara,4,b,51.29166667,NA
20,Lara,5,t,NA,NA
25,Lara,1,t,NA,NA
25,Lara,1,b,11.29166667,13
25,Lara,1,b,11.29166667,12
25,Lara,2,t,NA,NA
25,Lara,2,b,17.29166667,20
25,Lara,2,b,22.29166667,NA
25,Lara,2,b,12.29166667,14
25,Lara,3,t,10.29166667,12
25,Lara,3,b,9.291666667,11
25,Lara,4,t,10.29166667,NA
25,Lara,4,b,9.291666667,11
25,Lara,4,b,11.29166667,13
25,Lara,4,b,11.29166667,14
25,Lara,5,t,19.29166667,25
25,Lara,5,b,11.29166667,15
25,Lara,5,b,11.29166667,13
25,Lara,5,b,11.29166667,12
25,Lara,1,t,12.29166667,15
25,Lara,1,b,13.29166667,16
25,Lara,2,t,15.29166667,17
25,Lara,3,t,11.29166667,13
25,Lara,3,b,11.29166667,13
25,Lara,4,t,NA,NA
25,Lara,5,t,12.29166667,NA
5,Serr,1,t,NA,NA
5,Serr,1,b,NA,NA
5,Serr,1,b,NA,NA
5,Serr,1,b,NA,NA
5,Serr,1,b,NA,156
5,Serr,2,t,NA,NA
5,Serr,2,b,NA,NA
5,Serr,2,b,NA,NA
5,Serr,2,b,NA,209
5,Serr,3,t,NA,143
5,Serr,3,b,NA,NA
5,Serr,3,b,NA,NA
5,Serr,3,b,NA,143
5,Serr,4,t,NA,NA
5,Serr,4,b,NA,178
5,Serr,4,b,NA,NA
5,Serr,1,t,NA,NA
5,Serr,2,t,NA,NA
5,Serr,3,t,NA,NA
5,Serr,4,t,NA,NA
5,Serr,1,t,NA,NA
5,Serr,2,t,NA,NA
5,Serr,3,t,NA,224
5,Serr,4,t,NA,NA
10,Serr,1,t,NA,NA
10,Serr,1,b,NA,NA
10,Serr,1,b,NA,NA
10,Serr,1,b,60.29166667,NA
10,Serr,2,t,NA,NA
10,Serr,2,b,51.29166667,NA
10,Serr,2,b,NA,NA
10,Serr,2,b,NA,NA
10,Serr,3,t,NA,NA
10,Serr,3,b,51.29166667,NA
10,Serr,3,b,51.29166667,NA
10,Serr,3,b,51.29166667,NA
10,Serr,3,b,51.29166667,NA
10,Serr,3,b,51.29166667,NA
10,Serr,3,b,51.29166667,86
10,Serr,4,t,51.29166667,NA
10,Serr,4,b,62.29166667,NA
10,Serr,4,b,60.29166667,NA
10,Serr,1,t,NA,NA
10,Serr,1,b,NA,NA
10,Serr,2,t,NA,NA
10,Serr,3,t,NA,NA
10,Serr,4,t,62.29166667,NA
10,Serr,4,b,51.29166667,109
15,Serr,1,t,23.29166667,NA
15,Serr,1,b,NA,NA
15,Serr,2,t,20.29166667,NA
15,Serr,2,b,50.29166667,NA
15,Serr,2,b,23.29166667,NA
15,Serr,2,b,50.29166667,NA
15,Serr,2,b,NA,39
15,Serr,3,t,20.29166667,32
15,Serr,3,b,23.29166667,NA
15,Serr,3,b,23.29166667,NA
15,Serr,3,b,23.29166667,NA
15,Serr,3,b,23.29166667,NA
15,Serr,3,b,50.29166667,NA
15,Serr,3,b,23.29166667,30
15,Serr,4,t,NA,NA
15,Serr,4,b,51.29166667,NA
15,Serr,4,b,20.29166667,26
15,Serr,1,t,NA,NA
15,Serr,1,b,38.29166667,NA
15,Serr,2,t,NA,NA
15,Serr,2,b,NA,NA
15,Serr,3,t,NA,NA
15,Serr,3,b,NA,NA
15,Serr,4,t,NA,NA
20,Serr,1,t,NA,NA
20,Serr,1,b,27.29166667,NA
20,Serr,2,t,NA,NA
20,Serr,2,b,NA,NA
20,Serr,2,b,NA,NA
20,Serr,3,t,NA,NA
20,Serr,3,b,NA,NA
20,Serr,3,b,NA,NA
20,Serr,3,b,NA,NA
20,Serr,3,b,NA,NA
20,Serr,3,b,18.29166667,23
20,Serr,4,t,NA,NA
20,Serr,4,b,27.29166667,NA
20,Serr,4,b,15.29166667,18
20,Serr,1,t,27.29166667,32
20,Serr,1,b,18.29166667,NA
20,Serr,1,b,24.29166667,27
20,Serr,2,t,NA,NA
20,Serr,2,b,NA,NA
20,Serr,3,t,NA,NA
20,Serr,3,b,NA,NA
20,Serr,3,b,18.29166667,22
20,Serr,4,t,20.29166667,27
20,Serr,4,b,27.29166667,NA
25,Serr,1,t,49.29166667,51
25,Serr,1,b,20.29166667,30
25,Serr,1,b,NA,NA
25,Serr,1,b,13.29166667,17
25,Serr,2,t,20.29166667,23
25,Serr,2,b,NA,NA
25,Serr,2,b,NA,NA
25,Serr,2,b,NA,NA
25,Serr,2,b,NA,NA
25,Serr,2,b,15.29166667,17
25,Serr,3,t,NA,NA
25,Serr,3,b,19.29166667,23
25,Serr,3,b,20.29166667,NA
25,Serr,3,b,10.29166667,12
25,Serr,4,t,13.29166667,16
25,Serr,4,b,34.29166667,NA
25,Serr,4,b,33.29166667,36
25,Serr,4,b,33.29166667,NA
25,Serr,4,b,NA,NA
25,Serr,1,t,NA,NA
25,Serr,2,t,NA,NA
25,Serr,3,t,NA,NA
25,Serr,4,t,NA,NA
25,Serr,4,b,10.29166667,13